{"cameraMode":{"drawMode":0,"name":"Shaded","section":"Shading Mode"},"sceneLighting":true,"audioPlay":false,"sceneViewState":{"showFog":true,"showMaterialUpdate":false,"showSkybox":true,"showFlares":true,"showImageEffects":true,"showParticleSystems":true},"in2DMode":false,"pivot":{"x":291.9759826660156,"y":-91.77220153808594,"z":-506.5187072753906},"rotation":{"x":0.07549525797367096,"y":0.7684262990951538,"z":-0.10694120824337006,"w":0.6279555559158325},"size":82.99046325683594,"orthographic":false}