{"cameraMode":{"drawMode":0,"name":"Shaded","section":"Shading Mode"},"sceneLighting":true,"audioPlay":false,"sceneViewState":{"showFog":true,"showMaterialUpdate":false,"showSkybox":false,"showFlares":true,"showImageEffects":true,"showParticleSystems":true},"in2DMode":false,"pivot":{"x":93.33654022216797,"y":-79.7394790649414,"z":-112.69413757324219},"rotation":{"x":-0.07993833720684052,"y":-0.9142188429832459,"z":0.24284087121486665,"w":-0.31658366322517397},"size":82.99046325683594,"orthographic":false}